-4.403619948178061350e+00,-1.534813664042276038e+00
-3.842253534499339374e+00,2.988677936923487266e-01
-4.208312594332259238e+00,-6.066845797987658884e-01
-4.145498824959695128e+00,3.159711562374054594e-01
-4.389961909150479791e+00,-7.068000167724042271e-01
-1.595106195647265079e-01,3.872030030422023650e+00
-2.413823934778789315e+00,1.540179326155935335e+00
-4.742738469612081786e+00,-9.417175779101460975e-01
-9.618217025136650555e-01,2.560654340550422958e+00
-2.185874047833610501e+00,1.788441007891178103e+00
-1.150292074563594946e+00,1.703713389654639698e+00
-4.390020059156455545e+00,-9.976222523935396325e-01
-3.082596072584018909e+00,1.549741201302219373e+00
-3.464851029854321141e+00,9.563098216899756920e-01
-5.402930555625933273e+00,-1.309964159248607984e+00
-1.650948626316711909e+00,2.603347240255799555e+00
-7.383839225065296219e+00,-2.896666086566176190e+00
-3.827640980152208883e+00,1.874478063301987518e-01
-6.612285182182064958e+00,-2.421753953346290622e+00
-4.783355686348507163e+00,-1.140019813932847015e+00
-2.492782828219534341e+00,1.552929853781180647e+00
-5.100570723663255812e+00,-3.641695699652238716e-01
-2.854743566077351691e+00,1.177901011385190877e+00
-1.138403360289357957e+00,2.708573968584192748e+00
-2.673174560455418458e+00,1.231486821163570333e+00
-6.683333339370224557e+00,-2.154325311333273874e+00
-8.145451809069101046e+00,-3.434150111089635971e+00
-4.280847431844091666e+00,-2.952236869775166639e-01
-6.774248526935299219e-01,3.109481037580789753e+00
-7.728312975818215413e+00,-3.988046200705407607e+00
-3.188740163128784388e+00,1.180390378340044677e+00
-4.241848749320465295e+00,-4.693030891045504305e-01
-1.392929593831921276e+00,2.160680631535239371e+00
-6.778845565299491227e+00,-2.442489868078432380e+00
-6.784852441580493387e-01,2.170312791804565933e+00
-6.018233584620380938e+00,-1.239657540286303039e+00
-5.020399508840107661e-01,3.401946700357655118e+00
-3.374564489081971486e-02,3.611530979975585254e+00
-7.022748937272406344e+00,-2.821096550210228315e+00
-6.532585192578713063e+00,-2.590307552413483094e+00
-2.289384604482110230e+00,1.440893772003358109e+00
-6.200046337375816563e+00,-2.456981647465649843e+00
-2.016654789511322043e+00,1.644011289310800983e+00
3.861796057985271702e-01,3.292792905571054973e+00
-6.122594735256442711e+00,-2.169127382992337871e+00
-1.404649733822249003e+00,2.693169304557980759e+00
-6.924507697248030169e+00,-3.083552311416527303e+00
-4.633805650885284955e+00,-6.439724324893996155e-01
-1.215191529582761554e+00,3.263503990248700859e+00
-2.131035110070707450e+00,2.331676936904256259e+00
-6.582314890911219685e+00,-2.356363620805002057e+00
-2.027763226760842308e+00,1.831344540808553134e+00
-8.638473617363677803e+00,-3.856892491533852940e+00
-4.106109749597006697e+00,2.620760281191056862e-01
-1.187606470709544837e+00,2.155183381384444097e+00
-7.500274560432679927e+00,-3.065259275696056385e+00
-6.373854396999618643e+00,-2.159650072665150411e+00
-7.646076430630186493e+00,-3.142889200375751813e+00
-7.019200285865942135e+00,-3.221175491878024211e+00
-6.894534136646679023e+00,-3.415946827265087471e+00
-7.909291031939941874e+00,-2.437643158977805591e+00
-6.639316540634629504e+00,-3.276819463033824320e+00
-2.472977217524316984e+00,1.878410841004861886e+00
-2.129931732624681828e+00,2.254576891504040503e+00
-5.374457220307951921e+00,-1.568279282325905299e+00
-5.276974959616263838e+00,-1.732252006369983555e+00
-8.659336768108547133e+00,-3.625772621984664212e+00
-7.636660366604826500e+00,-3.221704009778664002e+00
-5.701325430144807527e+00,-1.240815969023787879e+00
-7.363440777132547410e+00,-3.896908333591657225e+00
-7.387917483744630864e+00,-3.104855316911724117e+00
-2.750137468996927126e+00,9.193067294974364145e-01
-4.808442318986996256e+00,-1.040317524633616486e+00
-3.034045283833365358e-01,3.447145145396213195e+00
-4.439961719478687563e+00,3.068781268980327326e-01
-6.401253704474506812e+00,-2.285652031728691469e+00
-5.801707193394587847e+00,-1.686434404904308515e+00
-4.519229173087408569e+00,-9.136788309037848776e-01
-5.318718711959942169e+00,-1.222683404991281364e+00
-6.689975163708759887e+00,-2.822498698799053685e+00
-9.511909779068485893e-01,2.264689939532522622e+00
-4.887686987345106204e-01,3.477930508581043689e+00
-2.190324990724245691e+00,1.763151659719198960e+00
-7.471226964043585994e+00,-3.633591431790505588e+00
-5.009200068954442919e+00,-8.648989985709292228e-01
-2.081146726504072397e+00,1.604301119547294263e+00
-6.131011971819974704e+00,-1.739709284584491478e+00
-4.767238225464056178e+00,-1.077240235007339564e-01
-4.015007202931075270e+00,7.751265700671305936e-01
-4.308597791253420795e+00,-5.890839314846880725e-01
-7.983529840426426105e+00,-3.879708303308779804e+00
-6.134269604986881674e+00,-2.348107295635022851e+00
-8.338022166838728211e+00,-3.765825754650326651e+00
-5.183830645294841943e+00,-1.899139216202788027e+00
-4.116599260783371683e+00,-6.045747777924530553e-01
-7.554379620558065334e+00,-3.555719992599195578e+00
-1.421246679077139863e+00,1.918520655632659278e+00
-5.398481025402726452e+00,-9.324474009417906828e-01
-6.339907873852411058e+00,-2.283221431101470245e+00
-7.510526249373029373e+00,-3.928053004185875885e+00
-7.847310046445074683e+00,-3.619031244976476103e+00
-7.261138550868437846e+00,-3.776369606260141509e+00
-6.512866631096544623e+00,-2.456938980179890208e+00
-3.508833485217861536e-01,3.898317592060585923e+00
-3.993367288067676935e+00,5.920093622235240716e-01
-2.851452143716354026e+00,1.657708094520263131e+00
-3.598306453033733643e+00,1.779864433910605115e-01
-5.352446846167802086e+00,-4.517579376314309059e-01
-1.929544976857845651e+00,1.359220333576487860e+00
-1.436473724753309700e+00,9.501649197763706312e-01
-6.293960230334394446e+00,-1.685669512403121573e+00
-5.634557623224952572e+00,-1.403069761575509666e+00
-3.556995064797860095e+00,5.075229918100783166e-01
-5.375940380206275293e+00,-1.549884519047388665e-01
-3.285708888923588145e+00,1.261758449350072198e+00
-1.927314359470646776e+00,1.918381507515110940e+00
-7.023953117737074869e+00,-3.530359068871810280e+00
-7.290930814368363766e-01,3.305797952275619345e+00
-1.255305466016966243e+00,2.240639110406273282e+00
-9.823466825403606162e-01,3.203487824153148367e+00
-4.753073625066326358e+00,-6.141468820975335419e-01
-5.223778107686134931e+00,-1.103050064073510583e+00
-4.697324766044749467e+00,-6.155140131178535867e-01
-1.029555840642741860e+00,3.526367814861967709e+00
-5.771517164363281438e+00,-2.950977903592968410e+00
-5.226228690777531050e+00,-1.868315010472596072e+00
-7.443636847900398479e+00,-3.484052945930760536e+00
-4.355917876850170067e+00,1.559261609627888845e-01
-5.566408495339366880e+00,-1.466045345562815072e+00
-4.296193861356437438e+00,7.310701141603637154e-02
-5.624284301302187039e+00,-1.232116796623403232e+00
-6.475504711730655671e+00,-2.156846678711204390e+00
-5.034270076579529629e+00,-7.735336672711463635e-01
-6.145389797072538407e+00,-1.345146472217902733e+00
-8.047362091728514244e+00,-3.996920509949115186e+00
-8.037648606945330343e+00,-3.284924167471950263e+00
3.644316501077047299e-01,3.833120650201609081e+00
-6.186834915570460502e-02,3.293630390229748350e+00
-1.087504732659596129e+00,3.330760066957832777e+00
-5.611261397528390482e+00,-1.605073407916903783e+00
-5.441993987823786405e+00,-1.313493020832791736e+00
-3.583740083508772045e+00,3.893244026284898851e-01
-5.878388859044832770e+00,-2.111894047465571411e+00
-5.292566051355663603e+00,-1.233656099221423830e+00
-4.922015845309566928e-01,3.524062274151736673e+00
-2.154308792324599597e+00,2.005589483740002343e+00
-5.439011623525038530e+00,-2.556947222195182334e+00
-4.595506722550313783e-01,3.680340940826202889e+00
-8.593200031004788464e-01,2.410075005496134182e+00
-3.235797378992739226e+00,1.246623899788971812e+00
-2.000339958097295145e+00,2.022511730044388223e+00
-6.964746049290016394e+00,-2.419243402862716330e+00
-5.387977201611533928e+00,-1.800391967922435832e+00
-1.595438404140879562e+00,3.131440226457182341e+00
-6.326878728464977453e-01,3.547799888757817932e+00
-6.571793827628860996e+00,-2.112719419379672559e+00
-4.220958716046940840e-01,3.497155464304977812e+00
-5.655028629448319855e+00,-9.238188612160094237e-01
-2.984593772574630766e+00,9.255524483490518151e-01
-5.744943091272008751e+00,-1.623827124501747932e+00
1.662148250193085097e-01,3.861649361252930568e+00
-2.163865462546385121e+00,2.448019497776295239e+00
-3.454767866748210459e+00,1.123810726758760481e+00
-2.853613624897838541e+00,7.962115576850701260e-01
-5.693674999447080332e-01,3.769339736938036367e+00
-4.039420431367330089e+00,-1.925467677157177704e-01
-2.374649784535337371e+00,2.266253460967024402e+00
-3.169393935268841833e+00,1.140961519728380225e+00
-1.136879270814484588e+00,2.252809183699029383e+00
1.787817973868810473e-01,3.263605009103080157e+00
-5.934543469386944992e+00,-2.130121758984366842e+00
-5.985178189930075998e-01,3.417274841232031513e+00
-7.249075198977197765e+00,-3.029552295612815804e+00
-4.542910853802939464e+00,-1.425382862194177314e+00
-8.592211272309789649e+00,-3.991831886209724622e+00
-1.688660058824422938e+00,1.671865480270415816e+00
-6.600542722260693829e-01,3.512794751448764075e+00
-6.572710440375955976e+00,-2.731437858705614730e+00
-2.372984833517964187e+00,1.983496937897743173e+00
-4.191137076110611481e+00,1.069820202099531770e+00
-7.252950966984911929e+00,-3.494380158520388413e+00
-8.155431061720490593e-01,2.829302891655636643e+00
-1.993523612761651354e+00,1.617454379312032842e+00
-3.439406940512257371e+00,6.315949725151739358e-01
-2.106708144940428795e+00,2.658775592718089165e+00
-6.056619449589790705e+00,-1.312216014749294501e+00
-3.091725845128457717e+00,9.360431445973009801e-01
-1.957339519713269027e+00,2.313653834636951068e+00
-4.744355912378340534e+00,-1.621825124157403764e+00
-6.307443723051019191e+00,-1.812367429738051428e+00
-2.951757502327227112e+00,1.008842549753296680e+00
-6.126284139961027719e+00,-2.432198330040164613e+00
-2.193655527490450119e+00,1.814634158339480052e+00
-2.010869321937873266e+00,1.538777017126743196e+00
-3.043986685247773938e+00,1.136134677916933455e+00
-7.920918343699066000e+00,-3.326108814310677175e+00
-2.655790299546739952e+00,6.879190425171408663e-01
-3.368217560231477892e-01,3.812215443507026791e+00
-3.974435471320957536e+00,1.990268747488332934e-02
-1.983265742748831384e+00,1.601960500467749959e+00
-7.981751195693331802e+00,-3.730672819073863167e+00
-6.301348865286380274e-01,3.429914154105584423e+00
-5.918023917717389892e+00,-2.195584484735061181e+00
-2.100769668158187997e+00,1.265746099654545098e+00
-5.743839296458094879e+00,-2.360410949060906205e+00
-7.708130695814749522e+00,-3.227751276330134367e+00
-2.437142403595858944e-02,3.983055164316466445e+00
-3.534883012207898911e+00,4.189395818312062758e-01
-5.886900916350909618e+00,-1.668438667980352008e+00
-8.165300804517986677e+00,-3.815805650495179613e+00
-1.884422615836565562e+00,2.353888191832030685e+00
-5.580433683284057089e+00,-1.699770691825561286e+00
-8.965078731597247996e-02,3.569475794468462304e+00
-1.423735839778590639e+00,2.056234622777079579e+00
-2.370663892519629279e+00,2.233424392687319404e+00
-7.471703156062010187e+00,-3.484534008818404693e+00
-6.931553691368574910e+00,-3.188135746545995630e+00
-3.005807101847350449e+00,9.045755494901088767e-01
-5.786972645861304665e-01,3.795545522868880362e+00
7.277309836091361284e-02,2.787229470352557748e+00
-4.461374106210097779e+00,-8.223050892632368658e-01
-5.487563417474337513e+00,-1.116985034057676351e+00
-2.600714984619325154e+00,1.203242586909120782e+00
-2.946223250625268797e+00,-5.009176242880997165e-03
-1.231195045668423749e+00,2.822846819160099940e+00
-5.126507032230471772e-01,3.150045588420206322e+00
-5.799030998252285851e-01,3.384868143427703480e+00
-7.011404292639997315e+00,-3.193303396859065835e+00
-1.369351387493416006e-01,3.535109834682325314e+00
-3.269679383188397459e+00,3.998859523652491532e-01
-1.682583434263868583e+00,2.496103267503523959e+00
-7.542361164752823477e+00,-3.390792338504748926e+00
-2.420425213964885636e+00,7.510236876778222381e-01
-1.256391275600212021e+00,2.850728665438441389e+00
-3.877206941756246472e+00,-9.767664222745882086e-01
-1.344018837185238846e+00,2.578153475531943073e+00
-6.148917752231089828e+00,-1.740561626050053157e+00
-4.183899769624920495e+00,-1.697000694683721278e-01
-5.231796212514432831e+00,-2.307429964105290665e+00
-4.383448328587220111e+00,-1.541494885652676672e-01
-4.781667727136055923e+00,-5.184319112943596153e-01
-3.587710972939809118e+00,9.958971481823493122e-01
-2.986534822425555458e+00,1.052430969448129083e+00
-6.030540506484237007e+00,-1.775987034246063523e+00
-7.276489372462649818e+00,-2.829817348442170477e+00
-5.832790122146471745e+00,-1.571524395290340159e+00
3.942922402731711129e-01,3.717496157447205185e+00
2.761602153164721685e-02,3.156489143828855148e+00
-5.316365250443112700e+00,-1.778683358128727576e+00
-4.738121332557163612e+00,-8.385061745454445159e-01
-6.334459399382888378e+00,-1.792300933370750471e+00
-4.373547572029376163e+00,1.533020113916245819e-01
-6.246327547013738268e+00,-1.856377436309151641e+00
-6.487019810711300849e+00,-2.949896776637389806e+00
-4.528703935738400688e+00,-9.689622743399768368e-01
-8.312661813822998624e+00,-3.555113553933271220e+00
-4.609681379889702058e+00,-9.381569556487434625e-01
-7.686010500131402523e+00,-3.442186243110673338e+00
-1.395273476768315479e+00,2.738908639609000772e+00
-7.842377162353671771e+00,-3.126921050453447926e+00
-3.653443582551512581e+00,-2.450042233727058871e-01
-6.878575195851095891e+00,-1.792215096823613685e+00
-3.135934057261423824e+00,1.607185031380487850e+00
-2.070790425096531884e+00,2.013932775036097134e+00
-4.429329209141984691e+00,-3.878947754593546904e-01
-4.376706483531774161e+00,-1.091505867394769957e+00
-5.885149627077208123e+00,-2.578420236518363495e+00
-1.677648439332926067e-01,3.237437789433410096e+00
-6.929839141318447915e+00,-3.501641735050819548e+00
-2.800378417514179930e+00,4.703809164046912628e-01
-3.700702572712978533e+00,2.656257295667776575e-01
-7.122426956889059468e+00,-3.354775009658617968e+00
-3.125928312723408986e+00,1.412358729997188256e+00
-7.449723518466130123e+00,-3.735718974744643539e+00
-6.915355615751210827e-01,2.986865169638728723e+00
-2.188371866610029581e+00,2.094999579514554178e+00
-9.497520070111727941e-01,2.943496205993908710e+00
-3.310389282216202211e+00,-5.054798388334225123e-01
-7.537835481447010544e+00,-3.290196358743310512e+00
8.058594182953935370e-01,3.559736224636289137e+00
-7.228590090841673366e-01,3.603648736794904828e+00
-2.776635067804987811e-01,2.899210623751867999e+00
-6.006860003715486229e+00,-1.749101268723982194e+00
-2.482597450032408393e+00,1.519703301532285167e+00
-4.087170977080889500e+00,6.244584361750655788e-01
-7.545442901946813663e+00,-3.648566282209298350e+00
-2.890594728315716733e+00,2.779092657342113526e+00
-6.291852831681680414e+00,-2.974017553957499338e+00
-8.374681032195342212e+00,-2.826289844788758110e+00
-4.661787972783650424e+00,-8.467051890596373198e-01
-8.878432327048091377e-01,2.841706072653817472e+00
-5.730864001288416887e+00,-2.035618855887192602e+00
-1.439788905111222261e+00,2.214905869105245451e+00
-2.138595623109869059e+00,1.752561508396267342e+00
-3.464930850941357665e+00,1.283946936882416345e+00
-3.667229910346065935e+00,4.155797638161224938e-01
-1.594399414680726101e+00,2.302977358446092637e+00
-2.137436602624821713e+00,1.914690289480812879e+00
-5.195972817440429381e+00,-1.237837455878206150e+00
-1.567164893931668468e+00,2.896689055469809482e+00
-3.104081933333560972e+00,1.477483000537352709e+00
-7.212909845413199683e+00,-2.688976677336498255e+00
-4.260683016775745457e+00,-3.965386426629331496e-01
-3.340537284390108663e+00,5.275917107591325816e-01
-2.122863178447873089e+00,2.255955712334156260e+00
-2.960362125517518983e+00,1.590994724988419762e+00
-5.657457190582155349e+00,-1.669307254824196285e+00
-6.893988953209058579e+00,-2.812855723972575994e+00
-8.894387657493021848e+00,-3.709212977842852865e+00
-5.243840423662714301e+00,-1.223622194032135901e+00
-4.660140272427665487e+00,-1.521884058268178741e+00
-2.410433642715827496e+00,1.438469061583338870e+00
1.149196615549564759e-01,3.835459737650061207e+00
-7.655733702905358484e+00,-2.882224850807586947e+00
-1.328818934318044265e-01,3.866349140021608122e+00
-3.653214791328343480e+00,4.629563738983222265e-01
-3.058958865028833518e+00,6.125358687720048323e-01
-5.563474482549909617e+00,-1.666897627564098983e+00
-7.823590780723536753e+00,-3.706544491280268083e+00
-7.312114589619974403e+00,-3.053920287485979657e+00
-7.027530505176936559e-01,2.509494744051813164e+00
-1.893224048545218308e+00,2.361936347497628930e+00
-5.898128365115694827e+00,-2.503511451192409254e+00
-1.648960642558426892e+00,2.465232695896198756e+00
-4.147809768334157710e+00,6.528755036401250322e-01
-3.742831948101076112e+00,-3.672026414078173318e-01
-2.926774984163764692e-01,2.923974303420285636e+00
-5.817745558101816705e-02,3.934742973991416370e+00
-7.565446144526609018e+00,-3.483115780614643775e+00
-4.521619042445190750e+00,-7.055520244747999214e-01
-6.735370117282641012e+00,-2.371858989671960849e+00
-2.270794807338426313e+00,1.625501983433842668e+00
-5.911881738136953501e+00,-3.037524059255251707e+00
-1.645234378046275037e+00,2.976782564231128525e+00
-4.463541842847087437e+00,1.111906874829298175e-01
-6.200091867031638948e+00,-2.393151126860050049e+00
-4.373058633309042875e+00,-8.016580137538857898e-01
-4.041188494827590461e+00,6.838449689410275312e-01
-2.555745314849841243e+00,1.245096625958419523e+00
-6.717157834827027330e+00,-1.787458141554225222e+00
-3.406163704047884266e-01,3.135178607303051201e+00
-6.032846671965298668e+00,-1.618034065455729476e+00
-2.199504570529563274e+00,1.764641985110127820e+00
-3.680617082985020994e-01,3.720805798798155983e+00
-6.120258791239176155e+00,-1.903058288965693734e+00
-5.978199735187403885e-01,3.107628806796864929e+00
-3.616129301957451414e+00,8.866963894362864806e-01
-5.295339525815899506e+00,-2.011771086098654848e+00
-4.800584188285425213e+00,-1.379399245650090755e+00
-2.710098380341404933e+00,1.736584768993035155e+00
-7.769695958376742873e+00,-2.968371666955207822e+00
-8.290787718873403378e+00,-3.821998200160765080e+00
-5.667200625279688708e+00,-2.194163551583067751e+00
-2.127829218991222682e+00,1.626696804051758427e+00
-2.793570474565029826e+00,1.036001912912373868e+00
-1.190003976108277239e+00,2.861619840194875586e+00
-2.044011923123437935e+00,1.845980262622903822e+00
-6.685254090499021196e+00,-2.844062875206389229e+00
-5.182448647054590296e+00,-1.450437587362915615e+00
-4.197474583806661386e+00,9.392366500357152148e-01
-2.903585118848730051e+00,3.009510775733277299e-01
-4.209207302269047268e+00,-9.588385291867185245e-01
-3.500943663082025648e+00,3.495491619021313667e-01
-5.954486823614051794e+00,-2.032287972750809857e+00
-3.407757237134706241e+00,7.515566402319091566e-01
-5.842606497056096693e+00,-1.941617136028779278e+00
-5.475094786045885620e+00,-2.221129247535668760e+00
-3.945548686601016541e+00,2.415512051128141380e-01
-1.381676868159567917e+00,2.562519424550822933e+00
-6.632561345380625362e-01,3.467776648606438528e+00
-2.190447048427108356e+00,2.242196232263196087e+00
-6.004933703250271648e+00,-1.464644642363798432e+00
-4.603945159840761470e+00,-3.844624187589760211e-01
-7.044520266132074049e+00,-2.826319025881102398e+00
-3.491431343804103804e+00,9.568414387647168340e-01
-7.329051798414514263e-01,3.384217268280149682e+00
-7.675025531320711636e+00,-3.147824914330420221e+00
-6.181403211618650140e+00,-2.545376345850628219e+00
-3.422838777706450619e-01,3.443028348725938770e+00
-7.867585489151773359e+00,-3.032705316816490360e+00
-2.950385871498598878e+00,7.666475658311586727e-01
-1.464019347961910356e+00,2.380624610969541699e+00
-3.838174004711931153e-01,3.432316805922559944e+00
-1.276137663426000879e+00,2.592477299809845981e+00
-7.075871519103132279e+00,-3.025282569942741695e+00
-5.160714323809486359e+00,-1.345053931757446364e+00
-5.472157173172561784e+00,-1.382771394550711186e+00
-8.336620925430853646e+00,-3.797810467038118531e+00
-5.694901158004453734e+00,-8.957268995150284852e-01
-3.604413712022367378e+00,2.270820925393675083e-01
-9.265437287288837975e-01,3.100832400744392814e+00
-1.711909928036070561e+00,3.290879704123859106e+00
-2.014896226982572980e+00,2.617377963803579455e+00
-3.922221945063806281e-01,3.806823246431405572e+00
-6.435934584804723357e+00,-2.147082743000686911e+00
-7.283731886219154461e+00,-2.973314757840080702e+00
-6.865922239605097843e+00,-3.323261849081999841e+00
-6.421328336378046231e+00,-2.498241652900866860e+00
-4.426988540096761682e+00,-1.763647182610394992e-02
-3.288632951716874864e+00,2.928804383003180689e-01
-5.903396884029872282e+00,-1.838658386478699391e+00
-2.226030147866230546e+00,1.214944718102043630e+00
-2.200298664045955643e+00,1.956725321653312477e+00
-4.394339452747225039e+00,2.073006646913961859e-01
-9.499537436303874927e+00,-3.982767232937328039e+00
-2.953098346332013069e+00,6.897606176938557709e-01
-7.767912182989665126e+00,-3.337522512942370234e+00
-3.566735996164122735e+00,9.131229709069161871e-01
-2.369886784500942589e+00,1.845375243280751754e+00
-3.913914913686068253e+00,-7.631913231226938876e-02
-4.176129403557556685e+00,-2.388865121382561796e-01
-6.047254697218386710e+00,-1.750414665949530324e+00
-5.234481868328227705e+00,-1.235840476688215617e+00
-3.309972398647211822e+00,6.772103183690214578e-01
-2.927489610023452649e+00,1.361651222481852663e+00
1.721887861013253751e-01,3.476117405652265013e+00
-4.852943052095954002e+00,-6.010612370684480510e-01
-4.456715628537857299e+00,3.485806426693844884e-01
-4.566995500009418674e-01,3.300921370234186192e+00
-1.852487704327822060e-01,3.780339455481217747e+00
-1.984121735543967313e+00,2.047210014726019267e+00
-4.416043748990558626e+00,-6.924175907791383366e-01
-5.303181992764802288e+00,-9.973185060267706348e-01
-1.046863808811450358e+00,2.997228779088459305e+00
-5.143532418013621488e+00,-8.481783381373375619e-01
-6.709318906189392084e-01,3.091718194621126514e+00
-7.472125304711662253e+00,-3.254876456792522355e+00
-7.557834240194432951e+00,-3.746283806087175705e+00
-1.426545476173752602e+00,2.583404360117294907e+00
-6.412177758825022167e+00,-2.638912331640272058e+00
-2.099601850350570231e+00,2.337922602914452419e+00
-8.083311428682097288e-01,3.079896270188456242e+00
-2.178945155246826970e-01,3.818594498185265529e+00
-6.788332449698079252e+00,-3.082560146770504161e+00
-4.273220302622042333e+00,1.469731026376166483e-01
-2.359322088799781225e-01,3.422541996226027727e+00
-1.252656087815138930e+00,3.630195853359797553e+00
-4.731030631574787648e+00,-5.670626006225623073e-01
-4.304666019325286364e+00,5.783156900996671013e-01
5.262825023861337215e-01,3.805893796568671661e+00
-2.214322636998471427e+00,1.874042302171845087e+00
-2.419378180773144926e+00,2.205947944584181641e+00
-2.331469598081191474e+00,1.209097095017247270e+00
-7.630943081971125252e+00,-3.442863805521805709e+00
-1.897826800010291803e+00,2.203707085307875069e+00
-3.445430708555258237e-02,3.651434917376023215e+00
-7.885396604655819708e+00,-3.893686891278471229e+00
-3.864416259628455030e+00,-3.431769857658997225e-01
-5.260236030108220717e+00,-1.846518337962490541e+00
-3.781215934666637413e+00,5.522783814266283287e-01
-2.011606456860355330e+00,1.359867202037381873e+00
-6.512071381503399259e+00,-2.474117089036649730e+00
-6.147138957789452185e+00,-2.717346036764840989e+00
-6.885118114164474612e+00,-3.497207492616547952e+00
-6.607269612803795766e+00,-2.427151573553090635e+00
-1.074626910497774368e+00,3.549859782983257439e+00
-5.855043540561013060e+00,-1.816317381569804823e+00
-5.142964002995272565e+00,-1.029887131427635438e+00
-7.927966326973100664e+00,-3.486146825407105965e+00
-2.786541611500950033e+00,4.491496081795318673e-01
-3.387893333633435589e+00,8.953211845897275367e-01
-5.325765899215125110e+00,-7.223269968154744092e-01
-3.831681733316627536e+00,-4.419204809257619715e-01
-3.360867809129974404e+00,3.330067674307279901e-02
-2.530838008373887060e+00,1.476635131703937454e+00
-6.268575848544633011e+00,-2.581206468313130387e+00
-5.200488784482571347e+00,-8.141677621144580712e-01
-5.990286102947304236e+00,-2.527421151057955839e+00
-3.788007362100872299e+00,5.696414402363210172e-01
-3.243615857982176998e+00,1.470888489351597883e+00
-3.936726977137455563e+00,-3.913732576405850594e-01
-6.610264969919179556e+00,-3.100989936406975289e+00
-6.961537463838106454e+00,-3.507278443273648350e+00
-3.793223469100977852e+00,5.605636714053092717e-01
5.266773732027680843e-01,3.993179346307726973e+00
-1.780179840416733494e+00,1.759704452005953712e+00
-4.663821170210090905e+00,-4.266969969284586384e-01
-7.768882635932603975e+00,-3.621953637134687654e+00
-1.774901986944456223e+00,1.506638325369886289e+00
-8.958479308305117295e-01,3.001875892493109710e+00
-4.047880323480526954e+00,7.129312812856447579e-02
-2.687809572220296594e+00,1.393990522533600895e+00
-3.181034642275384350e+00,5.520841707287500455e-01
-7.141381430945681785e+00,-2.315053292366004989e+00
-5.912229254291245795e+00,-1.855439187854555527e+00
-2.725936977228883062e+00,1.942588403890418647e+00
-6.784922627210072221e+00,-2.866669604593527154e+00
-2.214032408834516907e+00,2.441522404250501488e+00
-6.127027663176941807e+00,-1.610265385724426679e+00
-8.884142171450211123e+00,-3.927423246003632684e+00
-6.635174068854389873e+00,-2.453448804160706764e+00
-5.857673528375950234e+00,-1.849012846646373553e+00
-3.139383571783332272e+00,3.253538225501237946e-01
-5.683456418974452085e+00,-1.753985600319447613e+00
-7.796279417608912965e+00,-3.988394318992929399e+00
-8.163498110126479190e+00,-3.531938641891919417e+00
-3.138806006722258068e+00,1.252247656030361256e+00
-5.634194104739916220e+00,-1.320949197293281863e+00
-1.154325655028034969e+00,2.590599390130201130e+00
-1.604914719207010565e+00,2.414239491520604908e+00
-6.987232980696549411e+00,-2.954400669006965963e+00
-5.294889150076843576e-01,2.815879342176418554e+00
-2.858784850652059006e+00,1.272523112046469507e+00
-6.164778196281665679e+00,-2.004490835035719343e+00
-8.278831486024761377e-01,2.336872508048521979e+00
-4.143767337053649413e+00,-7.419474224097877268e-01
-6.920843591802846362e+00,-3.234728865159308242e+00
-3.959692260884092985e+00,-1.380494875708960123e+00
-1.088479716195452252e+00,2.449635407094144846e+00
-6.797646114640854442e+00,-2.590039461094129081e+00
-7.623289824506207069e+00,-3.468631063074219867e+00
-5.559488362603561384e+00,-2.259972010345670412e+00
-7.552818434803713288e+00,-3.487168294359098475e+00
-4.855451417126885438e+00,-5.271524160054550379e-01
-2.840088995535215322e+00,1.260968007492096810e+00
-7.819512880993825910e+00,-2.713924810743718830e+00
-4.738584336745971903e+00,-6.096629212817896715e-01
-1.473635193693666467e+00,2.869498084498458113e+00
-1.578280756483367409e+00,3.640564756036342331e+00
-6.047595714682416634e+00,-1.148908050209646703e+00
-1.130482396726351757e+00,2.739829925434546176e+00
-4.084537327620407332e+00,-4.736731032495988813e-01
-7.032125073150469197e-01,3.352507948191074227e+00
-4.501156855145413083e+00,-1.018235787872177056e+00
-1.743405574862642249e+00,2.203796913583675021e+00
-6.411578341749928356e+00,-2.416864133336793508e+00
-2.646889336094675027e+00,8.632270648432784910e-01
-4.986564980236077638e+00,-1.052819161854881003e+00
-1.810247281130243913e+00,1.481054185731224493e+00
-3.591041942416861588e+00,-1.045522550085129510e-01
-6.170072077452298798e-01,3.038783028883367265e+00
-6.315828216943728535e+00,-1.902188351816969103e+00
-7.510046488012775079e+00,-2.638608307666624242e+00
-3.891015251873247927e+00,9.261376625348507474e-01
-3.711116310584678502e+00,1.141390939725095421e-01
-1.016491110243789436e-01,3.906754764290348625e+00
-7.340622983809684143e+00,-3.346534540617103204e+00
-1.498171567475148791e+00,2.470776400105412662e+00
-9.097093269733195209e-01,3.123289241405248440e+00
-5.413342834700229922e+00,-1.087679521737373811e+00
-4.170647621373836600e+00,-5.705063743757090577e-01
-1.223926904429694318e+00,3.134278232942975251e+00
-3.341532261739265097e-01,2.903654291096999351e+00
-4.565043455128430239e-01,2.153471035515035936e+00
-6.216037315725051471e+00,-1.596001491847919063e+00
-2.476629697738056635e+00,1.643048981533935304e+00
-8.055623281986873385e-01,3.179883311167219340e+00
-7.424048336508495716e+00,-3.712346667489410557e+00
-6.543191307283591662e+00,-1.816943075674211983e+00
-1.454141437045560203e-01,3.354799511463300909e+00
-3.296602677008824145e+00,1.522947125173550020e+00
-2.189605143555913180e+00,2.438900537223037901e+00
-5.611707566453628893e+00,-1.335929854732808231e+00
-6.409435903162782111e+00,-2.641092322948170867e+00
-7.993786172875525509e-01,3.686695456616118527e+00
-1.633842083300061088e+00,2.455497241319560153e+00
-6.591306798806796152e+00,-2.684213752910811657e+00
-1.782735454199065872e+00,2.519187834642889534e+00
-4.325995768874542513e+00,-8.273970359981728251e-01
8.426083433504607534e-01,3.712917450040756684e+00
-6.226975440090166458e+00,-1.829972127801754667e+00
-6.144903348251474995e+00,-1.340745040985291681e+00
-2.045572412994347111e+00,2.245047864218912004e+00
-3.850948692648091587e+00,2.600320648497334020e-01
-2.999397061302082612e+00,6.798757288699750490e-01
-2.204053392336555728e+00,2.589056060371659029e+00
-3.567145466513754748e+00,1.455672263711269565e-01
-4.929254463604414660e+00,-7.549628414329108139e-01
-6.843007026291754613e+00,-3.043882661534212275e+00
-3.395357680384986310e+00,1.390723278966076393e+00
-1.021056883892679679e+00,2.013465529556476064e+00
-2.132356625120456428e+00,1.542866507829070422e+00
-6.386868535932406665e+00,-1.419593395347006570e+00
-1.668078140887514049e+00,3.053898256192971061e+00
-6.343110235899581006e+00,-2.242496267823389289e+00
-7.213315484346753514e+00,-2.869168084341927383e+00
-2.046510522262478204e+00,2.657089987947347076e+00
-1.281096593600743683e+00,2.375683897695068936e+00
-3.499453671232185759e+00,3.160056770257924086e-02
-6.402794417746370925e+00,-2.451787669257785574e+00
-7.016388955741180489e+00,-3.046843902163944406e+00
-8.173489192659662450e+00,-3.914617787617111766e+00
1.805828706243624016e-01,3.353923206239464605e+00
-7.117389690980994388e+00,-3.032638899625996309e+00
-2.311340794749242811e+00,2.514425396628822362e+00
-1.250957626380786669e+00,2.838635041543748017e+00
-4.369960229853697697e+00,-1.218906701096744705e+00
-5.017449426985063354e+00,-9.322511880282613461e-01
-7.856713698439521387e+00,-3.759770669927193332e+00
-1.353749609783109431e+00,3.341308682932852214e+00
-4.842291827261847814e+00,-7.591632722177781289e-01
-2.814375335742277606e+00,1.337195863771984072e+00
-6.617449583138454550e+00,-2.657429781293739524e+00
-5.777183953471014544e-01,3.089965019880236419e+00
-3.085605633107864065e+00,5.109556310255563005e-01
-4.730979221328973416e+00,-1.386407962876878841e-01
-5.808901815644986755e+00,-1.025438758996850552e+00
-6.670341533043277593e+00,-2.310427243483448301e+00
-8.340566140304185305e-01,2.474965272163221819e+00
-7.508880954212340253e-01,3.165152374286597237e+00
-1.494869684002913424e+00,1.754949646964941934e+00
4.196903145650316969e-01,3.842221024110101801e+00
-3.744819474655160185e+00,3.548027603489414261e-01
-3.322043257460643773e+00,1.154913070985013945e+00
-2.925035143693903272e+00,1.473116887212884585e+00
-3.018359162917400695e+00,7.705713031094063581e-02
-5.889131415144017723e-01,3.123379941918443592e+00
-7.252639242119506946e+00,-3.625975119176978900e+00
-4.932485454711025064e+00,-1.462995498039742159e+00
-6.762707333217464090e+00,-2.750673633604820978e+00
-1.225503616029642640e+00,3.241352781737026234e+00
-2.224562580611777918e+00,2.218064065925799966e+00
-5.809299543457271398e+00,-2.113083823688601370e+00
-2.507694146628495879e+00,1.281071070827654701e+00
-2.231966156600071916e+00,1.661767136865363703e+00
-8.673851303949568603e+00,-3.724909494268312748e+00
-3.239142385467122853e+00,5.526222010766090875e-01
-8.322658454681880258e+00,-3.542007780732789435e+00
-5.940323028718636600e+00,-2.615849866975950455e+00
-1.421639353760930646e+00,2.004722857365616839e+00
-1.148752281629017880e+00,2.686013362698030704e+00
-3.479754358385078739e+00,-1.103995936997186789e+00
-9.584105946090184514e-01,3.079528058963747483e+00
-5.676567370511512500e+00,-1.272196348782729913e+00
-5.819964334574103226e+00,-1.509623172432771554e+00
-8.823205036702869819e+00,-3.878434252300567486e+00
-1.688318370159979320e+00,1.807739407210758209e+00
-4.867429165037306049e+00,-3.414829990650662950e-01
-2.281402611891011567e+00,2.147059695660511025e+00
-7.949185126219116881e+00,-3.954404663391406949e+00
-4.269068939289920372e+00,5.140927750330348545e-01
-1.314501886704401379e+00,2.471549098979072490e+00
-8.109878271584100018e-01,3.226644082023033988e+00
-4.918019144449673696e+00,-9.366510741447156008e-01
-2.579852543873466963e+00,1.248963965313826918e+00
-3.068810852457329652e+00,7.155151470539804492e-01
-1.499902152117485121e+00,2.841764277690442597e+00
-3.618656023202450278e+00,1.208806892665504229e+00
-6.544392061348317746e+00,-2.461856343352165410e+00
-2.532556589141377046e-01,2.717519647950753736e+00
-4.069392591320877273e+00,1.020349150963966167e-01
-1.676999876532223821e+00,1.733645975719610099e+00
-6.948974564509494023e+00,-3.129446512719364470e+00
-7.100827916031836828e+00,-2.866557686104222569e+00
-6.406263398244171015e+00,-1.412261311965711919e+00
-7.463083514684405451e-01,3.578601742511136052e+00
-8.011329488176142988e+00,-2.990984072104119207e+00
-4.136521439468055839e+00,6.248145509893889837e-01
-5.905592187062102205e+00,-9.580640558582098620e-01
-3.990071908579192694e+00,1.147135953117545348e+00
-3.652933190255446050e+00,4.675902022121789514e-01
-1.182193306365891372e+00,3.548430962083349627e+00
-6.560023887070360438e+00,-2.377159851658955603e+00
-3.812833219074568625e+00,7.676514522714175115e-01
-3.902933011556448228e+00,4.938405651004025287e-01
-8.202983457695943725e-01,2.494537225377790435e+00
-2.442151594235428824e+00,1.386013225233517332e+00
-4.979531022546326291e+00,-9.173584168551123241e-01
-6.264436315531694000e+00,-2.393174091697469308e+00
-2.356030033711829841e+00,1.474182434943569930e+00
-5.035045995235113203e+00,-1.061703869174380976e+00
-5.167750447314817919e+00,-1.791036216468818942e+00
-5.283032780562498587e+00,-1.175964201703400214e+00
-2.738389964945801225e+00,1.836050084372058855e+00
-2.924823083353011999e+00,7.301852051604571514e-01
-2.244185111293788726e+00,1.527023998364903434e+00
-3.684849922089382002e+00,4.058017616403066796e-01
-2.346608743714868162e+00,1.828556012851454859e+00
-3.796099315196982182e+00,-2.956550617676079185e-03
-3.162303113464287829e+00,1.356054920637054906e+00
-7.239486711709785638e+00,-3.109592358892252051e+00
-8.155970009132547105e-01,3.068657724248864405e+00
1.685936037731838866e-02,3.515485917174393293e+00
-4.994459193151294940e+00,-1.251575192601726449e+00
-7.286276315856163421e+00,-2.904153231694301951e+00
-3.697290048572427490e-01,3.904662968246303656e+00
-6.961329894787360306e-01,2.960842345456931923e+00
-8.077440796728815542e+00,-3.943147633665723184e+00
-6.110258146182035333e+00,-2.312944397707672017e+00
-1.490473135843404240e+00,2.660946394771034562e+00
-1.776077346472030527e+00,2.345005493065588809e+00
-2.361337523609357003e+00,1.104185958867592632e+00
-8.669132070611783591e-01,2.857008071819763018e+00
-7.465612571682345155e-01,2.849080666583952315e+00
-9.164736565481739206e+00,-3.976911570949873465e+00
-3.679347296306414439e+00,2.847813819550255587e-01
-1.804589327326216797e+00,1.788567568221150594e+00
-6.782126600990184606e+00,-2.426066752522963554e+00
-1.778171135637145239e+00,1.592077809476487360e+00
-6.258593922944553078e-01,3.259536015284290045e+00
-4.716235907355464718e+00,-2.174891176559148320e-01
-8.072252930773546886e-01,3.646487782141955236e+00
-5.051738745488562721e+00,-6.557325751062537122e-01
-6.286628536544956347e+00,-2.096489945169251357e+00
-7.116686195195376818e+00,-2.117437348765069949e+00
-4.030488128246081381e+00,-4.165091104590334936e-02
-8.255156301049549228e+00,-3.655251889947187749e+00
-4.470271786352912891e+00,-1.821695651217041245e-01
-7.353400963012357572e+00,-3.931971480946786279e+00
-2.558645837528490841e+00,1.620429812377187417e+00
-3.067003364297505197e+00,5.019185632717428902e-01
-6.241871529123288020e+00,-2.398571834683251858e+00
-1.815124287092760635e+00,1.004575770597978313e+00
-3.945519981497794149e+00,9.868583315921775068e-03
-1.040366796756800660e+00,3.485999839209356743e+00
-4.144447978938751831e+00,-3.899615638260520711e-01
-5.265325256692303668e+00,-6.211112883858396216e-01
-3.101594304043065353e+00,5.343295501570821671e-02
-2.205336894696607430e+00,1.620346051167724788e+00
-2.845637095315285858e+00,1.789021149156122092e+00
-6.536022777799288974e+00,-2.178168411634413104e+00
-5.289385550050252682e+00,-1.491939334164440467e+00
-7.696694343353073009e+00,-2.956725851571238017e+00
-5.972443152620197093e-01,3.338355657784241259e+00
-3.078093024863027605e+00,1.413785765015118656e+00
-4.515717731003379143e+00,-2.763726745266676943e-01
-7.440220884027031190e+00,-3.217301500648249046e+00
-1.838543699333261339e+00,1.761442450591381714e+00
-1.912506078214456728e+00,2.848714369764362431e+00
-5.601171969340665413e+00,-1.897296327317018694e+00
-3.560295598568040010e+00,2.689799710729339211e-01
-4.936261184095649845e+00,-5.548533367138830386e-02
-7.810105516908893541e+00,-3.428086364466574665e+00
-1.169221909249935187e+00,3.195811231234062078e+00
-2.024822299593159070e+00,1.496993808286585015e+00
-2.735409974088662821e+00,1.182499111240473688e+00
-4.142368988362171933e+00,-2.436749896203638244e-01
-4.746668626805020885e+00,-9.421164733714100237e-01
-2.166502303966189924e+00,2.554389196610227231e+00
-7.426740415056618083e+00,-3.078953717646768062e+00
-7.952965853393334505e-01,3.962715125214687717e+00
-4.140127619119305713e+00,4.395162266613201751e-01
-6.815317539096659161e-01,3.628631011912241355e+00
-7.746521810143184084e+00,-2.951765445764679363e+00
-5.415769960915190140e+00,-1.908122492624214850e+00
-1.158413211724492520e+00,2.324525955681313150e+00
-5.322081989096786536e+00,-1.233502604882823483e+00
-4.167940304992988843e+00,1.906247867635011417e-01
-1.618667687053482407e+00,2.213617649673003562e+00
-2.711111968684422724e+00,1.494626882159722392e+00
1.335574790968725445e-01,3.058683095155361187e+00
-3.073798493485869532e+00,8.748842268787884180e-01
-5.673087134024300537e-01,2.959121123431095235e+00
-4.525041273795274321e+00,-5.571785885976412445e-01
-3.283420887089801621e+00,1.024665440487599888e+00
-4.913314192149887738e+00,-1.024768272596920937e+00
-2.017104029270566645e+00,2.283122641716600398e+00
-3.074503144150263712e+00,4.848422574863207046e-01
-2.305683835403514959e+00,1.728965705048889134e+00
-5.525683096058352284e+00,-9.689660048753898636e-01
-5.142818126379411492e-01,3.793785471901065520e+00
-7.421318210623080169e+00,-3.641790483319912397e+00
-5.680233491026470460e+00,-1.378729475867519483e+00
-3.399523978193724094e+00,7.880058577891952964e-01
-2.961823393895139489e+00,1.500993880405307124e+00
-8.253707070494741060e+00,-3.700079828060057530e+00
-7.479741315503806831e+00,-2.779180801159747638e+00
-1.736268890573034795e+00,2.922531673689499065e+00
-5.028544436445351984e+00,-1.052156754046777998e+00
-4.337498868597083224e+00,3.371081757906058129e-01
-2.895775216187427503e+00,5.824579436640213714e-01
-4.744148376039523995e+00,-1.271026230245712263e+00
-7.752682331416140826e+00,-3.938708998668806416e+00
-5.623600274761065165e+00,-1.630182034966821902e+00
-3.458995913481602180e+00,2.640205069183734210e-01
-5.902408389293173130e+00,-1.968229623366653414e+00
-6.794744339736752181e+00,-3.435933026550599401e+00
-3.296569638219297715e+00,4.350098558521908743e-01
-5.400307041338942682e+00,-1.880919898236419030e+00
-3.194271188797336514e+00,1.137107993066565292e+00
-4.107371503724620565e-01,3.541981500009361739e+00
-2.563950546690147547e+00,1.336788184200779384e+00
-7.151360300090197519e+00,-3.854928981513817021e+00
-7.054978151636054129e+00,-3.355114912630664747e+00
-1.719164277492281512e+00,2.201738654620659652e+00
-1.246488042501974647e+00,3.025479323559342681e+00
-6.640058110119507973e+00,-2.353143396339391735e+00
-6.793241485138113767e+00,-2.440195099046660765e+00
-5.373380136488430381e+00,-5.945167988984767504e-01
-4.468255405260544322e+00,2.985626274630410748e-01
-3.851561798041231111e+00,6.092562985842864265e-02
-2.986850624091447415e+00,2.478413210537072864e+00
-2.930136343419068812e+00,8.193124241914855332e-01
-4.190855598336369781e+00,-2.099534508786788933e-01
-1.866263925855089267e+00,1.906422933463714386e+00
-8.898279865756984819e+00,-3.883279002273715363e+00
-5.999470803032131982e+00,-1.911258280110601504e+00
-5.302548774497250150e+00,-1.428301882301001413e+00
-4.542768906019709618e+00,-1.487199471640563431e-01
-4.341756050424511182e-01,2.898707546361398713e+00
-4.700263886230048982e+00,-5.893947131572927489e-01
-3.426304136592922323e+00,-5.479476256026396541e-01
-5.342086299460863330e+00,-1.117902169620504260e+00
5.530768076941974254e-01,3.550157532889143042e+00
-2.711701886665104144e+00,1.544113194258008193e+00
-6.490283692342560862e+00,-2.345958332119688627e+00
-1.178312262251587139e+00,3.576508413761682270e+00
-3.570300118972722814e+00,1.039207155470103672e+00
-2.259839004720341382e+00,2.742646842315211941e+00
-4.484456022390998164e+00,-2.071967351711467842e-02
-1.100227707112169995e+00,3.983960838402859750e+00
-4.873714136513813688e-01,3.198074712273328402e+00
-2.901900246844880460e+00,1.628063707568437657e+00
-4.424713552659591542e+00,-4.333050601953809533e-01
-7.351040954852475551e+00,-3.423789268989554380e+00
-8.000600286597530086e+00,-2.965427941501106446e+00
-3.051882967319996087e+00,1.464509146870399015e+00
-2.049123722215556054e+00,1.937503221562637989e+00
-5.814135051275304278e+00,-1.565870092314296969e+00
-4.438871249379383599e+00,-6.680629972526626048e-01
-2.617018935385755918e-01,3.796503538328479088e+00
-1.360471985246673787e+00,3.514432735627174509e+00
-9.802748580924801614e-01,2.393437455156034233e+00
-8.166905469272970564e+00,-3.930830599347938659e+00
-2.866880938389761546e+00,1.222361239710181735e+00
-4.130120800095665956e+00,-1.426395860901727985e-01
-3.826283596151765387e+00,-1.422947295327583461e-01
-3.280761424147657923e-01,3.838331046646660916e+00
-4.330403774615467327e+00,7.802298623292536206e-02
-4.211112181724431913e+00,-8.932380077248502914e-03
-3.900916774348657690e+00,-9.075761095475698426e-01
-2.291435104965044101e+00,5.962999778446551602e-01
-7.239199985869250398e+00,-2.813861634158107528e+00
-5.636911805062653436e+00,-1.457690560028708227e+00
-3.034944858043639115e+00,9.909535518438579160e-01
-4.790885643879397193e+00,-9.550177176052159211e-01
-3.805512643166323983e+00,4.260019616781391960e-01
-3.395071081940666424e+00,6.729972725577937354e-01
-6.287865948127015159e+00,-1.095147801338416826e+00
-5.239213232473165505e+00,-1.213965166827598807e+00
-6.360800730820511006e+00,-1.301296315004039528e+00
-5.254658353676189719e+00,-1.530035959835952752e+00
-3.442447567748643689e+00,7.783747515631338487e-01
-2.106963107644856059e+00,1.931479789445399220e+00
-6.811944699854124430e+00,-2.490435922313056771e+00
-2.343665582115577628e+00,7.018512240148186976e-01
-1.836714256016887425e+00,2.255116061676975647e+00
-5.633143092466328383e-01,3.997177167095864903e+00
-1.356252079640323238e+00,2.503762082612545292e+00
-7.922804229161113376e+00,-3.750527625458076386e+00
-4.273705810101767755e-01,3.816258029067683744e+00
-2.169708861032629610e+00,2.195122595584373393e+00
-3.735582412296093668e+00,4.737926897921820313e-01
-4.498727533353000574e+00,-1.740803011441440340e+00
-3.773598200203900355e+00,1.944608648529353445e-01
-2.116060781033921034e-01,3.527579411312737889e+00
-8.256824829986979530e-01,2.988873222725916712e+00
-4.231198136558452561e+00,-8.842965657654255907e-01
-7.073023639529447237e+00,-2.696647029051534084e+00
-3.197021715701900746e+00,9.627389323296027257e-01
-6.278821599295151046e+00,-1.971040048029856884e+00
-6.686461390953881256e+00,-2.624072143963316783e+00
-2.027232966689154647e+00,1.850293747585891602e+00
-7.817501581739906946e+00,-3.393081280756126361e+00
-1.319204423193842457e+00,2.699040096731766702e+00
-3.980608627629476537e+00,-3.175333455698510221e-01
-5.758465159562199176e+00,-1.596426822462944983e+00
-4.148996338637524595e+00,1.775410062839632985e-01
-8.954452559181554250e+00,-3.870841209003648586e+00
-5.714509785859637425e+00,-9.981268685012354425e-01
-7.348263929683386486e+00,-3.202229132056609195e+00
-7.421602326179275622e+00,-3.369402545896287293e+00
-5.589596609394044791e+00,-2.290327072177772649e+00
-5.023309444540680069e+00,-1.164419343092084169e+00
-3.760784012989013547e+00,-1.487482273743898631e-01
-7.768880146266329945e+00,-3.867143280575504605e+00
-7.885677750485314164e+00,-3.329762653164386244e+00
-8.657706826012659951e-01,3.069591734719355536e+00
-2.111556185042307909e+00,1.880562761667410321e+00
-7.012762897673321838e+00,-3.232767564623277856e+00
-7.339541355874867889e+00,-3.857051368904497402e+00
-3.237886381269132197e-01,3.548697165590725788e+00
-5.796136367963944380e+00,-1.996868593010550974e+00
-1.636577073331873411e+00,2.373710191244335022e+00
-2.432816508705819558e+00,7.136371375765202529e-01
-4.295481399062051509e+00,-2.365235494003359307e-01
2.575195533576335460e-01,3.845899667054541560e+00
-2.160727701029201420e+00,1.829887609293638917e+00
-1.514401533089338558e+00,2.516456511927949613e+00
-1.189361679105773284e+00,2.852691978228580894e+00
-5.093883864576190135e+00,-5.863589409676936981e-01
-4.952372453568740340e+00,-1.675029947797328056e+00
-3.139927199086550935e+00,6.775764564961663794e-01
-7.611564218492353540e+00,-3.466248550453622457e+00
1.175459500476578323e-01,3.735571415707594767e+00
-4.906729735718113439e+00,-4.421299973192303057e-01
-4.611975754680007533e+00,-1.006387143897281788e+00
-2.906745734740043829e+00,1.867143252493201899e+00
-7.246611072640277484e+00,-3.760131786949393096e+00
-3.746880109289427718e+00,-2.978251885879910077e-01
-4.711255761491424110e+00,-6.810403838207879090e-02
-7.426446565988321424e+00,-2.706578218783445955e+00
-2.840160472788758383e+00,5.467812526959159314e-01
-6.427117762054715300e+00,-1.788764759135657023e+00
-3.641784349178407876e+00,9.347765571416850605e-01
-1.995686992620418487e-01,3.351432838193222352e+00
-2.349597002866066653e+00,8.990975327465751121e-01
-3.418518465852941279e+00,9.800110987374086591e-01
-4.602979139884653570e+00,-3.760886310836415447e-01
-2.937994186406623909e-01,3.561228873346469648e+00
-8.811807186968803052e-01,3.413559090191803591e+00
-1.603951334401231055e+00,9.026755656087299684e-01
-7.745476489235486817e+00,-3.139643820721252254e+00
-7.454845354451903328e-01,2.329526517659266993e+00
-2.519756999493306449e+00,1.340644076993506850e+00
-5.670251073999062363e+00,-1.525691134718394792e+00
-8.359756425388207290e+00,-3.984512664614702437e+00
-6.075084402484968393e+00,-1.259514123461196178e+00
-6.996532194045617992e+00,-3.209333843997174363e+00
-3.519802302200615074e+00,1.254529756535561091e+00
-7.841042957924864609e+00,-3.295271543167067385e+00
-2.409358458105734790e+00,1.040654541395878319e+00
-1.774384238002160163e-01,3.045319175447051663e+00
-3.619199300946128517e+00,1.099401965260344838e-01
-6.229561379135301752e-02,3.905640720553241962e+00
-1.892947338504064714e+00,2.391044975562831354e+00
-3.801361296560027414e-01,3.288075177655455761e+00
-2.471915180767472187e+00,1.602617331628823472e+00
-2.897444954759939240e+00,1.274023128514039982e+00
-6.096306906452504393e+00,-2.886899904103092496e+00
-1.653587159690965702e+00,2.791867617480231267e+00
-1.057873958750922272e+00,3.831166048904489863e+00
-4.962121249818173041e+00,-1.317423675263088789e+00
4.040353519620267231e-01,3.955221373694681297e+00
-2.433150859073037964e+00,1.558981680683670490e+00
-3.918518122723896102e+00,5.345597530538785946e-01
-6.052931534896432986e-01,2.635293915591836011e+00
-1.616383617461776501e+00,2.361484584670564324e+00
-2.210526385861946164e+00,1.260684835535760051e+00
-1.869280387020707757e+00,2.177414780515196213e+00
-3.874816662458500094e-01,3.161867204887040650e+00
-2.244749624584474912e+00,1.718123881533280439e+00
-5.926429518907700977e-01,3.940196448886776004e+00
-6.061552894267521197e+00,-2.215979747289165580e+00
-1.986791067295067714e+00,2.086704225336421636e+00
-3.564821222685544910e+00,1.392652771139062828e+00
-2.615931350019772506e+00,1.367591726273463593e+00
-1.333100208948586385e+00,2.215275338700319452e+00
-7.549919243439024985e-01,3.243378924562970944e+00
-7.156587157958244738e+00,-3.219859935298648779e+00
-4.805849791271247895e+00,-6.729667926422155944e-01
-8.280535616499639318e+00,-3.955519361857064986e+00
-4.688549141567815326e+00,-4.318339876763408469e-01
-9.163114578963100776e-01,2.623977396736773215e+00
-1.385475800869694352e+00,3.208628087659000094e+00
-7.519400354465988201e-01,3.303761244420956089e+00
-3.259413566436311083e+00,3.900400177652851852e-01
-4.963945876037186622e+00,-5.403081675587193544e-01
-2.942013672928954104e+00,1.708638239141757609e-01
-4.282476881893328979e+00,4.920019893075737727e-01
-5.673154552917109683e+00,-1.537214168663829206e+00
-2.761861868104678486e+00,5.725130790380115187e-01
-6.191729401456150805e-01,3.598543277688413866e+00
-7.969387974675187891e+00,-3.805209464849991896e+00
-4.869294851173637362e+00,-5.117879919896264340e-01
-8.843882979698783897e-01,2.926085212338557007e+00
-4.280918819960316313e+00,3.776824797732540873e-01
-4.101517412877993429e+00,-4.781345922187094644e-01
-7.296512770040614271e+00,-3.910805670794141875e+00
-7.044376060856161637e+00,-3.019596574771733266e+00
-3.432966581620211954e+00,-1.642519666547173074e-01
-3.557122418687436838e+00,1.448575575512066393e+00
-2.505812929490755625e+00,6.045982263003413237e-01
-5.002995283646411551e+00,-2.012156207065384450e+00
-4.636854715796513426e-01,2.640595901842520021e+00
-3.041173869136606922e-02,3.722906473323029708e+00
-3.974331983836121296e+00,6.200681528531175601e-01
-6.839545599673389376e+00,-2.200795486074596852e+00
-1.620587255207793342e+00,1.616661133995919819e+00
-5.881954446044138640e-01,3.207789756856445962e+00
-2.919967605909691954e+00,8.469605416279204491e-01
-4.515746630835757003e+00,-1.261588801974230734e+00
-4.567984757700976672e+00,-1.201958373210042730e+00
-2.184561787028067581e+00,1.537088693752477475e+00
-4.553582252139154463e+00,-3.790677157724431368e-02
-3.118424905058381658e+00,7.648314677910583725e-01
-8.539818358941611010e+00,-3.689199586451773705e+00
-4.175996945382396852e+00,3.224845038306849432e-01
-2.148949422641837081e+00,1.855416461114912430e+00
-5.029402331040275786e-01,3.100355931142417809e+00
-5.659276787409450726e-01,3.100142063701426309e+00
-2.765001304878446753e+00,5.365477825015956270e-01
1.647008837559804650e-02,3.401336931820467591e+00
-7.413982220614219187e+00,-3.654420076273052764e+00
-6.353293099430815438e+00,-2.267909490864568056e+00
-2.417371941174959460e+00,1.924793920992307505e+00
-7.156080531132498201e+00,-3.734601949738022952e+00
-6.593637928395982506e+00,-2.400638357565108016e+00
-6.602188539273935675e+00,-1.972982759089694227e+00
-7.552851084152861993e+00,-3.110876855696057319e+00
-7.484123672779465331e+00,-3.700227711272741971e+00
-2.596549324605825770e-01,3.208719228222643771e+00
-6.438854118310798569e+00,-2.553923349499791051e+00
-3.758398628262436869e+00,1.094171344602804297e+00
-3.124352829075856430e+00,1.511520974784884785e+00
-1.632983883227687283e+00,1.911864587248929936e+00
-6.658412982884326148e+00,-2.620791885807734367e+00
-4.599667057202363907e+00,-1.518813350177419252e-01
-5.465014527009392609e+00,-2.231299984936113923e+00
-3.226965857582289487e+00,4.917999657009719527e-01
